{
    "currentVersionInfo": {
        "version": "1.0.0",
        "hasShownChangelog": true
    },
    "settings": {
        "nutballman": 2,
        "nutballman2": 1,
        "nutballman3": 1,
        "nutballman4": 2,
        "nutballman5": 2,
        "consolelog": false,
        "reconnectvc": false,
        "krispvad": false,
        "stereodecoder": true,
        "enableToasts": true,
        "stereomono": true,
        "poopmode": false,
        "voiceattenuation": false,
        "prioritygetaround": false,
        "priorityaudio": false,
        "vcjointoast": "I love tinguy1 on github he is my daddy and i love him so much + T1Nstereo is the best plugin ever made"
    }
}